Species;Starmerella bombicola;Mucor circinelloides;Zygosaccharomyces rouxii;Saccharomycopsis capsularis;Mucor falcatus;Starmerella lactis-condensi;Mucor lusitanicus;Starmerella jinningensis;Moniliella pollinis;Lachancea quebecensis;Hanseniaspora vineae;Mucor hiemalis f. hiemalis;Torulaspora microellipsoides;Hormonema macrosporum;Starmerella apicola;Neodothiora populina;Mucor ramosissimus;Filobasidium floriforme;Filobasidium wieringae;Lachancea kluyveri;Starmerella floricola;Filobasidium magnum;Torulaspora delbrueckii;Pseudopithomyces palmicola;Curvibasidium [Rhodotorula] nothofagi;Phialemoniopsis curvata;Wickerhamomyces [Candida] silvicultrix;Neoascochyta cylindrispora;Rhodotorula babjevae;Zygosaccharomyces gambellarensis;Alternaria rosae;Exserohilum turcicum;Sporobolomyces ruberrimus;Exophiala xenobiotica;Stemphylium loti;Puccinia coronati-brevispora;Neocucurbitaria salicis-albae;Buckleyzyma aurantiaca;Candida orthopsilosis;Golubevia pallescens;Coprinus littoralis;Curvularia coatesiae;Filobasidium oeirense;Puccinia coronati-agrostidis;Tilletiopsis washingtonensis
Canada-2;2698;3095;156;0;273;0;344;29;32;0;0;0;0;0;0;0;0;0;0;0;0;17;0;11;0;0;0;0;0;0;20;0;0;0;0;0;0;17;0;0;0;0;0;0;0
Canada-3;602;232;138;0;73;149;5792;2040;0;0;0;0;0;0;57;0;0;0;16;0;0;89;89;17;0;64;0;0;39;0;0;0;0;0;20;0;0;0;0;16;0;0;0;10;0
Canada-4;1601;0;0;0;0;0;0;0;0;0;0;0;0;0;0;0;0;0;24;0;0;0;0;0;0;0;0;0;0;0;0;0;0;0;0;0;0;0;0;0;0;0;0;0;0
Canada-5;14706;1267;0;0;1612;0;0;0;0;0;0;0;0;0;0;0;0;0;0;0;0;17;0;0;0;0;39;0;0;0;0;0;0;0;0;0;0;0;0;0;0;0;0;0;0
Canada-6;737;14;2271;0;74;0;0;882;50;0;0;0;0;0;317;0;0;0;0;0;0;0;0;71;0;0;0;0;0;26;0;0;0;20;0;0;0;0;0;0;0;10;0;0;0
Canada-7;10;4937;85;0;1657;0;937;76;467;6074;0;0;0;0;14;0;0;0;0;0;0;0;0;10;0;0;0;0;0;0;0;0;0;0;0;0;0;0;16;0;0;0;0;0;0
Canada-8;0;40376;0;0;0;38399;57;0;0;0;0;0;0;0;0;0;0;0;0;0;0;0;0;0;0;0;0;0;0;0;0;0;0;0;0;0;0;0;0;0;10;0;0;0;0
Canada-9;15290;18725;0;0;0;0;0;1166;0;0;0;0;0;0;0;0;0;0;0;0;0;0;0;0;0;0;0;0;0;0;0;0;0;0;0;0;0;0;0;0;0;0;0;0;0
Canada-10;0;0;0;0;2998;0;87;1635;0;0;0;0;0;0;0;0;0;0;0;0;0;0;0;0;0;0;0;0;0;0;0;0;0;0;0;0;0;0;0;0;0;0;0;0;0
Canada-11;0;31;2258;0;0;48;0;0;0;0;0;0;0;0;102;0;0;0;0;0;0;0;0;0;0;0;0;0;0;11;0;25;0;0;0;0;0;0;0;0;0;0;0;0;0
Canada-12;66328;418;0;0;1941;0;4268;52;76;0;0;0;0;0;0;0;0;0;0;0;0;0;0;0;0;0;0;0;0;0;0;0;0;0;0;0;0;0;0;0;0;0;0;0;0
Canada-13;30317;0;0;0;0;0;0;323;14;0;0;0;0;0;0;0;0;0;52;0;0;0;0;0;0;0;0;0;0;0;0;0;0;0;0;0;0;0;0;0;0;0;0;0;0
Canada-14;0;5015;0;0;8703;0;25;215;25;0;0;0;0;0;0;0;0;0;0;0;0;0;0;0;0;0;0;0;0;0;0;0;0;0;0;0;0;0;0;0;0;0;0;0;0
Canada-15;0;0;734;0;1236;3453;0;0;560;0;0;0;0;0;0;0;0;0;0;0;0;0;0;0;0;0;0;0;0;0;0;0;0;0;0;0;0;0;0;0;0;0;0;0;0
Canada-16;256;1098;90;0;18991;0;0;905;257;0;0;0;0;0;0;0;0;0;0;0;0;0;0;0;0;0;0;0;0;0;0;0;0;0;0;0;0;0;0;0;0;0;0;0;0
Canada-17;439;27;485;0;12;2161;0;135;1267;0;0;0;0;0;0;0;0;0;0;0;0;0;0;0;0;0;0;0;0;0;0;0;0;0;0;0;18;0;0;0;0;0;0;0;0
Canada-18;0;0;28824;0;38;0;0;0;1274;0;0;0;0;0;0;0;0;0;0;0;0;0;0;0;0;0;0;0;0;0;0;0;13;0;0;0;0;0;0;0;0;0;0;0;10
Canada-19;12;13751;25851;0;0;0;0;0;0;0;0;0;0;832;0;634;0;0;0;0;0;0;0;0;0;0;0;0;0;0;0;0;0;0;0;0;0;0;0;0;0;0;0;0;0
Canada-20;0;2017;0;0;0;0;147;249;0;0;0;0;0;0;0;0;0;0;0;0;0;0;0;0;0;0;0;0;0;0;0;0;12;0;0;19;0;0;0;0;0;0;0;0;0
Canada-21;10237;0;0;0;0;3548;0;0;0;0;0;0;0;341;0;135;0;0;116;0;0;0;0;0;0;0;0;0;0;0;0;0;0;0;0;0;0;0;0;0;0;0;0;0;0
Canada-22;0;29918;0;0;0;0;0;0;0;0;0;0;0;0;0;0;0;0;0;0;0;0;0;0;0;0;0;0;0;0;0;0;0;0;0;0;0;0;0;0;0;0;0;0;0
Canada-23;35139;0;21;0;111;0;0;21;17;0;0;0;0;0;0;0;0;0;0;0;216;0;0;0;0;0;0;0;0;0;0;0;0;0;0;0;0;0;0;0;0;0;0;0;0
Canada-24;181;1045;966;39862;154;392;0;0;343;0;0;0;0;0;18;0;0;0;0;0;0;0;0;0;0;0;0;0;0;0;0;0;0;0;0;0;0;0;0;0;0;0;0;0;0
Canada-25;411;91;57;18353;194;8520;157;4907;417;0;0;0;0;62;23;0;0;0;0;0;35;0;92;0;0;0;0;0;0;0;0;0;0;0;0;0;0;0;0;0;0;0;0;0;0
Canada-26;27269;1402;0;0;108;0;0;24;0;0;0;1590;0;0;0;0;0;0;0;0;0;0;0;0;121;0;0;45;0;0;0;0;0;0;0;0;0;0;0;0;0;0;0;0;0
Canada-27;0;1411;0;0;1906;0;163;1378;0;1201;3744;28;0;0;0;0;0;14;0;0;0;0;0;21;0;0;0;0;0;0;0;0;0;0;0;0;0;0;0;0;0;0;0;0;0
Canada-28;10873;23165;0;0;0;11;12379;0;0;0;0;0;0;0;0;0;0;0;0;0;0;0;0;0;0;0;0;0;0;0;0;0;0;0;0;0;0;0;0;0;0;0;0;0;0
Canada-29;871;0;69416;0;0;0;0;0;0;0;0;0;0;0;0;0;0;0;0;0;0;0;0;0;0;0;0;0;0;0;0;0;0;0;0;0;0;0;0;0;0;0;0;0;0
Canada-30;64245;0;0;0;0;0;0;0;0;0;0;0;0;0;0;0;0;0;0;288;0;0;0;0;0;0;0;0;0;0;0;0;0;0;0;0;0;0;0;0;0;0;0;0;0
Canada-31;7381;31200;0;0;0;0;0;0;0;0;0;0;0;0;0;0;0;0;0;0;0;0;0;0;0;0;0;0;0;0;0;0;0;0;0;0;0;0;0;0;0;0;0;0;0
Canada-33;75;0;0;51409;0;0;0;3570;0;0;0;0;0;0;0;0;0;0;0;0;0;0;0;0;0;0;0;0;0;0;0;0;0;0;0;0;0;0;0;0;0;0;0;0;0
Canada-34;90;0;81;0;27;11;12;12454;0;0;0;0;0;17;0;0;0;0;0;0;0;0;0;0;0;0;0;0;0;0;0;0;0;0;0;0;0;0;0;0;0;0;0;0;0
Canada-35;0;0;34;0;0;0;2084;862;3912;0;0;0;0;0;563;0;0;0;0;0;0;0;0;0;0;0;0;0;0;0;0;0;0;0;0;0;0;0;0;0;0;0;0;0;0
Canada-36;9265;8460;0;0;0;0;0;0;0;0;0;0;1591;0;0;0;0;0;0;0;0;0;0;0;0;0;0;0;0;0;0;0;0;0;0;0;0;0;0;0;0;0;0;0;0
Canada-37;15529;6735;51;0;7884;0;75;39;118;0;0;0;0;0;31;0;591;0;16;0;0;26;0;0;0;0;0;0;0;0;0;0;0;0;0;0;0;0;0;0;0;0;10;0;0
Canada-38;3386;3241;0;0;1596;0;74;771;37;0;0;0;0;0;0;0;0;0;0;0;0;0;0;0;0;0;0;10;0;0;14;0;0;0;0;0;0;0;0;0;0;0;0;0;0
Canada-39;6697;5212;0;0;0;0;0;0;0;0;0;0;0;0;0;0;0;0;0;0;0;0;0;0;0;0;0;0;0;0;0;0;0;0;0;0;0;0;0;0;0;0;0;0;0
Canada-40;0;3622;0;0;130;0;0;0;0;0;0;0;0;0;0;0;0;0;29;0;0;31;0;0;0;0;0;0;0;0;0;0;0;0;0;0;0;0;0;0;0;0;0;0;0
Canada-41;79300;1365;0;0;158;0;0;0;15;0;0;0;0;0;0;0;0;0;0;0;0;0;0;0;0;0;0;0;0;0;0;0;0;0;0;0;0;0;0;0;0;0;0;0;0
Canada-42;15499;3631;0;0;8614;0;277;0;0;0;0;0;0;0;0;0;0;0;38;0;0;0;0;11;0;0;17;0;0;0;0;0;0;0;0;0;0;0;0;0;0;0;0;0;0
Canada-43;62650;0;102;0;4713;0;0;5097;73;0;0;0;0;0;0;0;0;0;0;0;0;0;0;0;0;0;0;0;0;0;0;0;0;0;0;0;0;0;0;0;0;0;0;0;0
Canada-44;26552;0;0;0;0;0;11864;0;0;0;0;0;0;87;0;0;0;297;17;0;19;41;0;0;0;0;0;0;0;0;0;0;0;0;0;0;0;0;0;0;0;0;0;0;0
