sp_ID;Canada-2;Canada-3;Canada-4;Canada-5;Canada-6;Canada-7;Canada-8;Canada-9;Canada-10;Canada-11;Canada-12;Canada-13;Canada-14;Canada-15;Canada-16;Canada-17;Canada-18;Canada-19;Canada-20;Canada-21;Canada-22;Canada-23;Canada-24;Canada-25;Canada-26;Canada-27;Canada-28;Canada-29;Canada-30;Canada-31;Canada-33;Canada-34;Canada-35;Canada-36;Canada-37;Canada-38;Canada-39;Canada-40;Canada-41;Canada-42;Canada-43;Canada-44
Acer pseudoplatanus;0;0;18;0;0;0;0;0;0;0;0;0;0;0;0;0;0;0;0;0;0;0;0;0;0;0;0;0;0;0;0;0;0;0;0;0;0;0;0;0;0;0
Acer tataricum subsp. ginnala;0;0;0;0;0;0;0;0;0;0;0;0;0;0;0;0;0;0;0;0;0;0;0;0;0;0;0;0;0;66;0;0;0;0;0;0;0;0;0;0;0;0
Aesculus hippocastanum;0;0;0;0;0;0;0;0;0;0;0;0;0;0;0;0;0;0;0;0;0;0;0;0;0;0;0;39;0;12;0;0;0;0;0;0;0;0;0;0;0;0
Ageratina altissima;0;0;0;0;0;0;0;0;0;0;0;0;0;0;0;2150;0;0;0;0;0;0;0;0;0;0;0;0;0;0;0;0;0;0;0;0;0;0;0;0;0;0
Alliaria petiolata;0;0;0;0;0;0;0;0;0;0;0;0;0;0;0;0;0;0;0;109;0;0;0;0;0;0;0;0;0;0;0;0;0;0;0;0;0;0;0;0;0;0
Allium aflatunense;0;0;0;0;0;0;0;0;0;0;0;0;0;0;0;0;0;0;0;0;0;0;0;0;0;0;0;0;0;101;0;0;0;0;0;0;0;0;0;0;0;0
Allium tuberosum;0;0;0;0;0;0;0;0;0;0;0;0;0;0;0;10;0;0;0;0;0;0;0;0;0;0;0;0;0;0;0;0;0;0;0;0;0;0;0;0;0;0
Ambrosia trifida;0;0;0;0;0;0;0;0;0;0;0;0;0;0;0;0;0;0;0;0;0;0;0;0;0;0;0;0;0;0;0;0;0;0;0;0;0;0;0;0;106;0
Arabidopsis thaliana;0;0;0;0;22;0;0;0;0;0;0;0;0;0;0;28;0;0;0;0;0;0;0;0;28;0;0;0;0;0;0;0;0;0;0;0;0;0;0;0;0;0
Aralia spinosa;0;0;0;0;0;2190;0;0;0;0;0;0;0;0;0;170;0;0;0;0;0;0;0;0;0;0;1135;0;0;0;0;0;0;0;0;0;0;0;0;0;0;0
Arctium lappa;0;0;0;0;64;0;0;0;0;0;0;0;39;0;54;0;0;0;0;0;0;57;473;0;0;1272;0;0;0;0;0;0;0;0;0;518;0;0;49;0;0;0
Arctium minus;0;0;0;0;0;0;0;0;0;0;0;0;0;0;0;0;0;0;18;0;0;0;0;0;0;0;0;0;0;0;0;0;0;0;0;0;0;0;0;0;0;0
Artemisia vulgaris;0;0;0;0;0;0;0;0;0;0;0;0;0;0;0;321;0;0;0;0;0;0;0;0;0;0;0;0;0;0;0;0;0;0;0;0;0;0;0;0;0;0
Bidens frondosa;0;0;0;0;0;0;0;0;0;0;302;0;0;0;0;0;0;0;0;0;0;0;0;0;0;0;0;0;0;0;0;0;0;0;0;0;0;0;0;0;0;0
Borago officinalis;0;0;0;0;0;10;0;0;0;0;0;0;0;0;0;0;0;0;0;0;0;0;0;0;0;0;0;0;0;0;0;0;0;0;0;0;0;0;0;0;0;0
Brassica napus;0;0;0;0;0;0;0;0;0;9064;0;0;0;0;0;0;1540;0;0;0;0;0;0;0;0;0;0;0;0;0;0;18796;0;0;0;0;0;0;0;0;0;0
Brassica nigra;0;0;0;0;0;0;0;0;0;25;0;0;0;56;0;0;0;0;0;0;0;0;0;0;0;0;0;0;0;0;0;0;0;0;0;0;0;0;0;0;0;0
Calystegia spithamaea;0;0;0;0;0;0;0;0;0;0;0;0;0;0;0;0;0;0;0;0;0;0;0;0;0;0;0;0;0;0;0;0;0;0;0;0;0;0;14;0;0;0
Caragana arborescens;0;0;0;0;0;0;0;0;0;0;0;0;0;0;0;0;0;0;0;3059;0;0;0;0;0;0;0;0;0;0;0;0;0;0;0;0;0;0;0;0;0;0
Carduus acanthoides;0;0;0;0;0;0;0;0;0;0;0;0;0;75;0;0;0;0;0;0;0;0;0;0;0;0;0;0;0;0;0;0;0;0;0;0;0;0;0;209;32;0
Centaurea jacea;95;0;0;0;0;0;0;0;0;0;0;0;197;0;0;0;0;0;0;0;0;0;0;0;0;0;0;0;0;0;0;42;0;0;0;373;0;0;53;0;0;0
Cercis canadensis;0;0;0;0;0;0;0;0;0;0;0;0;0;0;0;0;0;0;0;628;0;0;0;0;0;0;0;342;0;0;0;0;0;0;0;0;0;0;0;0;0;0
Chelidonium majus;0;0;0;400;0;0;0;55;0;0;0;0;0;0;0;0;0;0;0;0;0;0;0;0;0;0;0;0;0;0;0;0;0;0;0;0;0;0;0;0;0;0
Cichorium intybus;0;0;0;0;0;11;0;0;0;0;0;0;56;235;0;0;0;0;0;0;0;0;0;0;0;0;0;0;0;0;0;0;0;0;0;0;0;0;0;0;0;0
Cirsium arvense;0;0;0;0;0;0;0;0;0;0;0;0;0;0;73;0;0;0;10;0;0;0;0;0;0;0;0;0;0;0;0;0;0;0;0;0;0;0;0;0;0;0
Clematis virginiana;0;0;0;0;10;0;0;0;0;0;0;0;0;0;0;0;0;0;0;0;0;0;0;0;0;0;0;0;0;0;0;115;0;0;0;0;0;0;0;0;0;0
Convolvulus arvensis;0;0;0;0;0;0;0;0;0;0;0;0;0;0;19;0;0;0;0;0;0;0;0;0;0;0;0;0;0;0;0;0;0;0;0;0;0;0;0;0;0;0
Cosmos bipinnatus;0;0;0;0;0;0;0;0;0;19;0;0;0;0;0;647;0;0;0;0;0;0;77;0;0;0;0;0;0;0;0;0;0;0;0;0;0;0;0;0;0;0
Cucumis melo;0;0;0;0;0;0;0;0;0;0;0;0;0;0;0;0;0;0;949;0;0;0;0;0;0;0;0;0;0;0;0;0;0;0;0;0;0;0;0;0;0;0
Cucumis sativus;0;0;0;0;0;0;0;0;0;0;0;0;0;0;10;0;0;0;0;0;0;0;0;0;0;0;0;0;0;0;0;0;0;0;0;0;0;0;0;0;0;0
Daucus carota;0;13;0;0;112;0;0;0;0;0;0;0;4979;0;0;0;0;0;20;0;0;0;551;0;0;60;0;0;0;0;0;0;3546;0;0;11;0;0;757;0;124;0
Diplotaxis muralis;0;170;0;0;0;0;0;0;0;0;0;0;0;0;0;0;0;0;0;0;0;0;0;0;0;0;0;0;0;0;0;0;0;0;0;0;0;0;0;0;0;0
Diplotaxis tenuifolia;0;4473;0;0;0;0;0;0;0;0;0;0;0;0;0;27;702;0;0;0;0;0;12;0;0;0;0;0;0;0;0;0;0;0;0;0;0;0;0;0;0;0
Echinacea purpurea;0;0;0;0;0;51;0;0;0;0;0;0;0;0;0;0;0;0;0;0;0;127;182;0;0;0;0;0;0;0;0;0;0;0;0;240;0;0;0;0;0;0
Echinops sphaerocephalus;0;0;0;0;0;0;0;0;0;0;0;0;0;0;0;0;0;0;0;0;0;0;0;0;0;191;0;0;0;0;0;0;0;0;0;0;0;0;0;0;0;0
Echium vulgare;0;0;0;0;0;0;0;0;0;0;0;0;0;0;0;0;0;0;0;0;0;0;0;0;7055;0;0;0;2249;0;3721;0;0;0;0;0;0;0;0;0;0;11
Erucastrum gallicum;0;0;0;0;0;0;0;0;0;0;0;0;0;346;0;0;0;0;0;0;0;0;0;0;0;0;0;0;0;0;0;0;0;0;0;0;0;0;0;0;0;0
Eupatorium altissimum;0;0;0;0;0;0;0;0;0;0;0;0;0;159;0;0;0;0;0;0;0;0;0;0;0;0;0;0;0;0;0;0;0;0;0;0;0;0;0;0;0;0
Eupatorium perfoliatum;0;0;0;0;0;0;0;0;0;0;0;0;0;0;0;0;0;0;0;0;0;0;379;79;0;0;0;0;0;0;0;0;0;0;0;0;0;0;0;0;0;0
Euphorbia marginata;0;0;0;0;0;0;0;0;0;0;0;0;0;0;0;0;0;0;0;0;0;0;0;0;0;0;0;0;0;0;0;0;0;0;0;0;0;0;18;0;0;0
Euthamia graminifolia;0;0;0;0;0;0;0;0;0;0;418;0;0;1174;0;768;1206;0;0;0;0;0;0;381;0;0;342;0;0;0;0;0;0;0;0;0;0;0;0;0;0;0
Eutrochium purpureum;0;0;0;0;0;34;0;0;0;0;895;0;0;0;0;0;0;0;0;0;0;0;0;0;0;0;0;0;0;0;0;0;0;0;0;0;0;0;0;0;0;0
Gaillardia pulchella;0;0;0;0;0;149;0;0;0;0;0;0;0;0;0;0;0;0;0;0;0;0;0;0;0;0;0;0;0;0;0;0;0;0;0;0;0;0;0;0;0;0
Hydrangea arborescens;0;0;0;0;307;0;0;0;0;0;0;0;0;0;0;0;0;0;0;0;0;0;0;0;0;28;0;0;0;0;0;0;0;0;0;0;0;0;0;0;0;0
Hydrangea paniculata;0;0;0;0;10060;873;0;0;0;0;0;0;821;0;2638;0;0;0;0;0;0;0;495;11;0;137;113;0;0;0;0;0;0;0;0;58;0;0;0;0;0;0
Impatiens capensis;0;0;0;0;0;0;0;0;0;0;458;0;0;0;0;646;0;0;0;0;0;0;28;12;0;0;85;0;0;0;0;0;0;0;0;0;0;0;0;0;0;0
Impatiens glandulifera;0;0;0;0;0;0;0;0;0;0;0;0;0;0;0;0;0;0;0;0;0;0;1623;0;0;0;0;0;0;0;0;0;0;0;0;0;0;0;0;0;0;0
Lactuca serriola;0;0;0;0;0;0;0;0;0;0;0;0;0;0;0;0;0;0;0;0;0;0;0;0;0;0;42;0;0;0;0;0;0;0;0;0;0;0;0;0;0;0
Liatris spicata;0;0;0;0;11;0;0;0;0;0;0;0;0;0;0;0;0;0;0;0;0;0;0;0;0;0;0;0;0;0;0;0;0;0;0;0;0;0;0;0;0;0
Lotus corniculatus;0;0;0;956;0;0;0;0;0;0;0;0;1967;0;1761;0;0;0;0;0;0;0;0;0;0;0;0;0;0;0;0;0;0;0;0;2875;0;31;0;1528;739;0
Lythrum salicaria;0;0;0;0;4794;18688;0;0;0;0;0;0;13;0;0;0;0;0;0;0;0;0;615;0;0;0;0;0;0;0;0;0;0;0;0;84;0;0;0;11;18519;0
Matricaria chamomilla;0;0;0;0;0;0;0;0;0;0;0;0;0;0;0;0;0;0;0;0;0;0;0;0;0;0;0;0;0;0;0;0;0;0;54;0;0;0;0;0;0;0
Melilotus officinalis;0;0;0;0;0;0;0;0;0;0;0;11871;2702;114;0;0;0;0;0;0;0;0;0;0;3884;43;0;0;0;0;0;0;0;0;1406;747;0;7215;0;6309;0;10996
Myosotis sylvatica;0;0;0;0;0;0;0;0;0;0;0;0;0;0;0;0;0;0;0;0;0;0;0;0;0;0;0;0;52;73;0;0;0;0;0;0;0;0;0;0;0;0
Penthorum sedoides;0;0;0;0;0;0;0;0;0;0;0;0;0;0;0;0;0;0;0;0;0;312;0;0;0;0;0;0;0;0;0;0;0;0;0;0;0;0;0;0;0;0
Phytolacca americana;0;0;0;0;0;0;0;0;0;0;0;0;0;0;0;0;0;0;0;0;0;0;114;0;0;0;0;0;0;0;0;0;0;0;0;0;0;0;0;0;0;0
Picris hieracioides;0;0;0;0;0;0;59;0;0;0;0;0;0;0;0;0;0;0;0;0;0;0;0;0;0;0;0;0;0;0;0;0;15;0;0;0;0;0;0;0;0;0
Plantago lanceolata;0;0;0;0;4265;326;0;0;0;0;0;0;0;0;4031;0;0;0;0;0;0;0;0;0;0;0;0;0;0;0;31;17;16;0;0;0;0;0;0;0;0;0
Plantago rugelii;0;0;0;0;58;427;0;0;236;0;0;0;0;0;0;0;0;0;0;0;0;0;596;0;0;21;0;0;0;0;0;19;0;0;0;12;0;0;0;0;0;0
Quercus velutina;0;0;0;0;0;0;0;0;0;0;0;0;0;0;0;0;0;0;0;87;0;0;0;0;0;0;0;0;0;0;0;0;0;0;0;0;0;0;0;0;0;0
Ratibida pinnata;0;0;0;0;0;10;0;0;0;0;0;0;0;0;0;0;0;0;0;0;0;0;0;0;0;0;0;0;0;0;0;0;0;0;0;0;0;0;0;0;0;0
Rhamnus cathartica;0;0;0;0;0;0;0;0;0;0;0;0;0;0;0;0;0;0;0;0;0;0;0;0;0;0;0;0;0;48;0;0;0;0;0;0;0;0;0;0;0;0
Rhus typhina;0;0;0;0;0;0;0;0;0;0;0;0;0;0;0;0;0;0;0;0;0;0;0;0;0;0;0;0;0;0;0;0;0;0;89;0;0;0;0;0;0;0
Securigera varia;0;0;0;4457;0;0;0;0;0;0;0;3779;0;0;0;0;0;0;44;0;0;0;0;160;492;0;0;0;0;0;0;0;0;0;0;0;0;9028;0;0;0;0
Silphium integrifolium;0;0;0;0;0;0;0;0;0;0;0;0;0;0;0;34;0;0;0;0;0;0;0;0;0;0;0;0;0;0;0;0;0;0;0;0;0;0;0;0;0;0
Silphium perfoliatum;0;0;0;0;0;272;0;0;0;0;0;0;0;0;0;1427;0;0;0;0;0;0;0;0;0;0;0;0;0;0;0;0;0;0;0;0;0;0;0;0;0;0
Sonchus arvensis;0;0;0;0;2383;88;0;0;11;0;251;0;14;1114;219;183;0;0;46;0;0;10;122;0;0;19;0;0;0;0;0;0;0;0;179;0;0;0;94;0;60;0
Sonchus oleraceus;0;0;0;0;0;0;0;0;0;0;0;0;0;0;0;0;0;0;982;0;0;0;0;0;0;0;0;0;0;0;0;0;0;0;0;0;0;0;0;0;0;0
Symphyotrichum pratense;0;605;0;0;0;0;0;0;0;0;0;0;0;565;0;0;1755;0;0;0;0;0;0;78;0;0;0;0;0;0;0;0;0;0;0;0;0;0;0;0;0;0
Symphyotrichum puniceum;0;0;0;0;0;0;0;0;0;0;0;0;0;25;0;0;0;0;0;0;0;0;0;22;0;0;0;0;0;0;0;0;0;0;0;0;0;0;0;0;0;0
Symphytum asperum;0;0;0;0;0;0;0;0;0;0;0;0;0;0;0;0;0;0;0;0;0;0;0;0;0;0;0;0;21;0;0;0;0;0;0;0;0;0;0;0;0;0
Symphytum officinale;0;0;0;0;0;0;0;0;0;0;0;1262;0;0;0;0;0;0;0;0;0;0;0;0;0;0;0;0;0;0;0;0;0;0;0;0;0;0;0;0;0;0
Tanacetum vulgare;110;0;0;0;0;0;0;0;0;0;0;0;558;0;222;1693;0;0;0;0;0;0;832;0;0;0;0;0;0;0;0;0;0;0;0;0;0;0;0;0;0;0
Taraxacum officinale;0;0;0;0;0;209;225;0;0;0;0;0;0;63;0;0;0;23;0;248;0;25;371;49;0;0;0;1574;0;0;0;0;0;68;0;0;721;0;0;0;0;0
Tarenaya hassleriana;0;0;0;0;0;0;0;0;0;0;0;0;0;0;0;1320;96;0;0;0;0;0;0;0;0;0;0;0;0;0;0;0;0;0;0;0;0;0;0;0;0;0
Trifolium pratense;226;0;0;0;0;0;62;0;35526;7779;779;0;637;0;0;0;0;0;11560;0;0;0;0;0;0;0;0;0;0;0;1484;4055;0;0;4915;0;0;4714;54;24;0;0
Trifolium repens;5846;11503;0;9735;18968;1933;1479;629;31;0;0;73;3952;281;1725;0;0;0;12161;0;28;24180;2504;405;2044;15939;0;0;27;0;6329;3269;134;0;14042;19186;0;43;75;73;101;1618
Vicia cracca;0;0;0;0;0;0;0;0;0;0;0;0;0;0;0;0;0;0;0;0;0;0;0;0;53;0;0;0;0;0;163;0;0;0;0;0;0;0;0;0;0;39
